Year,Salary,CPI,Rent,AHPRA
2018,0,0,0,0
2019,1.49976426814817,1.62454873646209,1.53846153846154,3.01047120418848
2020,1.27422622612419,2.97833935018051,7.69230769230769,6.15183246073298
2021,1.27422622612419,6.22743682310469,23.0769230769231,9.29319371727749
2022,2.54845245224837,12.6353790613718,38.4615384615385,12.565445026178
2023,5.62443456211216,19.1335740072202,63.0769230769231,30.2356020942408